{
  "hash": "d407b7cd",
  "configHash": "ff5a3889",
  "lockfileHash": "b49ce039",
  "browserHash": "74c97fb9",
  "optimized": {
    "@angular/common/http": {
      "src": "../../../../../node_modules/@angular/common/fesm2022/http.mjs",
      "file": "@angular_common_http.js",
      "fileHash": "38fdd0ea",
      "needsInterop": false
    },
    "@angular/core": {
      "src": "../../../../../node_modules/@angular/core/fesm2022/core.mjs",
      "file": "@angular_core.js",
      "fileHash": "2571dd0d",
      "needsInterop": false
    },
    "@angular/forms": {
      "src": "../../../../../node_modules/@angular/forms/fesm2022/forms.mjs",
      "file": "@angular_forms.js",
      "fileHash": "a44506db",
      "needsInterop": false
    },
    "@angular/platform-browser": {
      "src": "../../../../../node_modules/@angular/platform-browser/fesm2022/platform-browser.mjs",
      "file": "@angular_platform-browser.js",
      "fileHash": "b8c3db2e",
      "needsInterop": false
    },
    "@angular/router": {
      "src": "../../../../../node_modules/@angular/router/fesm2022/router.mjs",
      "file": "@angular_router.js",
      "fileHash": "e8b27f4e",
      "needsInterop": false
    },
    "@auth0/auth0-angular": {
      "src": "../../../../../node_modules/@auth0/auth0-angular/fesm2020/auth0-auth0-angular.mjs",
      "file": "@auth0_auth0-angular.js",
      "fileHash": "cb211bc0",
      "needsInterop": false
    },
    "@angular/common": {
      "src": "../../../../../node_modules/@angular/common/fesm2022/common.mjs",
      "file": "@angular_common.js",
      "fileHash": "6b38e0d7",
      "needsInterop": false
    }
  },
  "chunks": {
    "chunk-W4PQPVWU": {
      "file": "chunk-W4PQPVWU.js"
    },
    "chunk-ART5SGNY": {
      "file": "chunk-ART5SGNY.js"
    },
    "chunk-O3XUNVWT": {
      "file": "chunk-O3XUNVWT.js"
    },
    "chunk-T5WLB42T": {
      "file": "chunk-T5WLB42T.js"
    },
    "chunk-5SFZ2I7P": {
      "file": "chunk-5SFZ2I7P.js"
    }
  }
}